<?xml version="1.0" encoding="UTF-8" standalone="yes"?>
<addon id="plugin.video.tou.tv" name="TouTv"
       version="1.0.9" provider-name="Frost/infologique.net (passion-xbmc.org)">
  <extension point="xbmc.python.pluginsource"
             library="default.py">
    <provides>video</provides>
  </extension>
  <extension point="xbmc.addon.metadata">
    <platform>all</platform>
    <summary>Tou.tv est une webtélé de divertissement axée sur la vidéo sur demande.</summary>
    <description>Tou.tv est une webtélé de divertissement axée sur la vidéo sur demande. Les vidéos sont offertes gratuitement par Radio-Canada ainsi que par une vingtaine de diffuseurs et de producteurs partenaires. Tou.tv est la plus importante webtélé de divertissement.</description>
  </extension>
</addon>
